{
  "auc": 0.7383398661273732,
  "gini": 0.47667973225474647,
  "precision": 0.9634779384501297,
  "recall": 1.0,
  "psi": 0.0013223004930483287,
  "threshold": 0.5
}